id,REL,TM9SF4,CA2,TGFA,PSIP1,WDR41,KLHDC8A,GUCA1B,SLC25A46,SETX,SLC38A3,RPL6,HLA-DPA1,MTHFD1,METTL22,COLQ,CDO1,PRR7,PAGR1,DCTN2,TAGLN,NR2C1,ZNF276,ECHDC3,ADAR,MCM5,CPPED1,CMC4,OR7A5,P2RY2,CFLAR,ADAM3A,LUZP1,JAM3,YWHAZ,PDE9A,MMP27,TPCN1,PLSCR4,CEACAM21,OR51E2,ERP44,CCDC33,FGGY,ASIC1,CAND2,ZNF771,SYNM,RCVRN,UBAP2,OPCML,NOTCH2,EPB41L4A,KXD1,PGF,ZCCHC4,PBX1,PRAME,HLA-DRA,RPL8,CD84,ATG13,IL5,SPTLC2,NRDC,CELSR3,ERGIC2,SGCG,CABP5,PRG3,KCNAB1,PSD4,SNTA1,GPR137,AGPAT5,SERPING1,OBP2A,HNRNPD,TOB2,SCIN,STIL,CKB,GRINA,HTR1D,P4HTM,MYBL1,CHUK,METTL5,SLC25A36,TMEM30B,SEMA4F,PDCD6,PPP2R5A,ARHGEF15,PTPN13,ADM2,CYP7B1,ACTN4,CHODL,CEP350,verdict
1,97.7,1338.8,4559.2,339.5,979.0,444.5,143.9,53.9,795.7,760.4,132.4,15126.3,2995.6,921.0,445.9,92.3,237.9,182.2,304.9,2127.0,839.1,294.5,423.0,846.3,4625.1,624.0,97.0,883.4,21.6,36.1,1003.3,69.6,327.7,1336.6,11261.5,33.7,166.0,1043.3,948.1,192.9,21.8,1463.8,111.0,259.2,426.5,197.7,351.0,3077.1,40.5,1178.9,248.2,2300.2,43.9,1435.3,811.9,192.3,800.9,207.9,4420.5,26705.6,207.2,1199.5,26.0,599.5,3666.0,81.4,1173.8,73.8,38.5,138.6,36.7,225.0,411.6,570.1,524.0,2536.4,20.6,3282.0,336.5,121.2,150.4,1146.5,1181.4,9.6,1002.0,9.1,163.8,1691.6,1961.9,365.5,370.9,1487.9,1047.0,374.6,399.3,218.4,181.1,4259.7,204.2,813.8,1
2,56.2,1683.0,2648.2,267.6,837.8,537.1,102.5,26.9,888.9,654.5,168.3,17042.4,2774.8,1038.2,353.6,29.1,187.2,116.0,560.0,3100.9,327.0,284.4,290.2,726.9,4150.8,671.0,120.4,989.5,23.3,58.5,731.7,75.1,328.8,1524.9,13018.0,25.9,101.9,1289.5,825.6,177.7,32.2,1602.4,96.6,260.5,182.1,168.6,162.8,2194.1,33.4,947.2,229.9,1946.2,23.1,1470.6,617.6,227.9,678.1,205.2,3605.3,34407.9,320.2,751.8,44.3,499.2,2141.1,162.3,1408.5,42.0,32.3,15.5,156.3,312.2,476.2,333.1,477.2,1796.6,17.9,3260.4,435.7,68.5,119.8,1291.6,1342.1,21.8,910.5,6.0,161.5,1467.6,2350.6,372.2,378.1,1603.7,1095.2,348.5,502.1,154.1,44.9,3803.4,73.4,655.5,1
3,118.3,778.3,290.6,363.2,567.7,207.7,105.4,170.6,498.2,736.5,139.2,12488.9,15101.1,1171.6,798.1,119.7,1381.0,74.1,218.6,1576.7,16221.6,254.2,127.9,1286.0,3817.9,1073.1,68.7,886.0,40.5,12.7,1699.8,38.3,293.9,1520.7,4823.7,211.6,195.6,960.8,868.3,262.3,19.3,2166.3,90.9,141.0,72.4,281.1,466.6,3295.9,49.6,1012.4,236.4,1420.9,242.3,1491.2,892.8,156.2,1716.3,147.6,16459.6,21965.6,991.7,1131.9,79.8,1237.9,1099.0,238.5,1035.6,23.3,73.8,108.6,56.3,495.1,484.6,321.7,409.1,6402.9,18.5,3492.5,218.9,92.3,258.4,1066.1,921.1,29.8,1020.3,158.3,163.8,1534.6,1667.5,253.5,319.4,1095.7,910.1,392.2,68.5,180.6,149.4,4002.6,37.3,590.2,1
4,131.2,1203.8,3472.4,488.0,750.3,454.8,98.4,109.7,915.6,664.8,177.4,17028.7,5715.0,720.5,337.6,16.7,300.2,209.9,406.4,1771.0,2256.6,250.8,161.6,887.0,2871.5,538.6,84.4,787.3,22.9,91.8,1229.9,57.1,387.7,1100.3,11314.5,37.2,603.3,1019.6,941.9,150.2,20.6,1818.9,18.7,482.8,108.9,147.1,414.7,533.5,176.3,856.4,62.2,2453.6,304.4,1196.6,1021.2,184.1,1706.4,162.1,9160.2,33367.4,379.3,977.4,41.8,632.8,2226.8,179.3,1203.3,526.2,41.9,103.6,115.0,514.2,429.5,471.8,353.7,2362.7,28.1,2704.1,383.8,123.4,219.0,1219.1,999.2,11.2,1194.1,62.8,107.7,1753.2,1954.2,685.6,226.0,1542.0,919.6,398.3,559.3,324.2,107.9,4194.5,138.2,778.5,1
5,186.4,1224.3,2403.1,323.5,1361.9,473.9,159.3,46.3,744.6,926.2,67.6,15509.0,2548.7,1168.6,344.8,13.7,218.9,114.8,422.9,2563.2,253.3,182.8,198.3,741.1,3357.0,529.3,183.7,1106.7,35.9,72.2,943.3,106.0,421.0,1288.8,9935.2,28.3,195.6,1384.9,940.0,217.1,22.4,1301.3,153.5,382.6,126.6,219.6,353.7,2589.5,43.5,1197.8,347.2,2850.5,65.4,1327.3,698.5,311.2,835.2,143.8,3874.8,36191.6,345.9,1031.3,50.1,647.5,2691.4,254.0,1126.8,16.0,46.8,180.6,107.5,188.5,416.8,495.6,498.5,2364.6,30.8,3104.5,317.6,32.3,188.0,587.2,1335.7,12.0,650.9,23.5,158.4,1369.5,2604.9,430.2,392.8,1640.0,1092.4,554.8,684.2,233.1,105.5,3043.0,81.8,656.7,1
6,93.0,1060.7,292.8,296.7,921.6,608.7,151.8,163.0,649.4,657.1,79.3,26328.1,5220.2,882.3,224.8,21.7,238.1,201.3,436.7,3229.3,179.6,202.3,320.1,1075.5,3423.8,1319.8,55.0,1041.4,28.5,282.6,1032.2,146.3,537.2,713.3,12624.8,44.5,164.3,1040.2,536.2,50.7,50.5,1447.7,82.0,397.8,48.6,244.4,206.0,640.5,18.5,959.5,301.6,2060.9,73.6,1263.9,1296.3,265.7,1729.3,439.8,5640.8,48716.0,251.1,780.1,28.4,771.9,3576.1,328.9,1109.7,85.2,44.0,78.5,166.1,338.1,515.0,461.7,438.4,996.9,27.1,4376.6,343.0,140.2,133.3,734.5,970.5,12.9,994.1,25.9,118.8,1717.9,1610.8,458.0,251.3,1102.7,1166.3,458.7,340.8,149.0,113.8,6259.1,285.4,843.4,1
7,56.1,814.8,696.0,257.1,1005.7,283.5,196.3,79.7,632.1,811.6,33.7,18759.5,8531.3,1066.8,402.7,38.7,181.0,248.1,413.4,3108.2,404.5,142.6,149.9,884.5,5409.0,962.3,107.3,964.2,29.4,19.4,761.8,49.3,462.4,1554.1,8766.3,49.8,180.0,1438.2,725.3,69.8,46.4,1214.3,94.4,122.9,454.2,322.6,400.1,1002.2,117.6,1127.6,197.8,2379.0,75.5,1429.5,1258.2,134.3,1084.6,222.0,13578.0,36414.2,526.9,1220.0,81.5,528.8,2236.9,207.6,830.6,23.4,113.8,150.0,42.0,334.8,602.6,307.9,469.0,3791.0,185.5,3887.0,409.1,83.5,131.9,391.5,1064.2,12.8,974.5,66.7,119.8,1040.1,2143.2,244.9,435.4,1239.6,994.1,449.7,379.5,62.2,100.6,5908.8,68.7,628.7,1
8,51.0,897.7,2308.0,334.8,768.2,488.3,146.6,129.7,725.5,641.3,139.9,13477.8,14161.5,1005.3,361.3,85.8,240.2,214.3,542.7,2348.1,1032.2,257.1,168.4,789.1,5793.2,1203.9,38.8,890.7,18.0,115.4,1495.5,55.2,542.9,831.5,10516.2,33.7,283.3,854.9,592.7,181.7,19.3,1821.3,113.1,156.9,112.8,197.2,302.1,383.1,129.5,851.0,167.9,2192.5,121.7,1140.8,1254.7,256.3,1718.1,139.3,24183.7,20945.9,802.9,937.4,98.0,633.4,2954.7,266.0,1035.2,18.5,27.8,127.1,130.7,704.2,424.9,309.9,289.3,3732.9,21.9,3859.3,526.6,230.1,194.1,1377.2,933.1,11.6,1227.2,148.4,161.4,1427.2,1885.4,549.2,256.5,1032.2,846.7,419.7,384.5,298.1,182.6,4722.7,112.3,1118.0,1
9,134.5,1654.8,1819.5,304.2,1521.6,389.8,100.3,39.0,757.9,644.0,104.0,15303.8,2884.9,1092.0,461.8,34.0,278.7,100.9,363.6,2428.6,320.8,269.7,241.3,726.5,3124.3,521.9,105.3,1030.2,25.1,23.4,764.7,18.1,408.0,1586.7,8530.6,30.9,160.1,1513.9,1316.3,253.0,94.2,1059.1,144.2,390.8,269.9,199.4,328.2,3170.2,36.5,926.6,292.8,3138.4,36.1,1338.7,585.0,312.4,1037.8,216.8,2752.7,30860.5,316.3,1431.0,40.9,500.4,2020.2,244.2,1154.7,27.8,34.5,97.8,112.2,246.8,551.6,348.0,495.8,3219.7,30.3,3445.0,447.1,37.3,170.8,734.7,1443.3,7.2,843.3,59.7,172.1,1471.8,2308.9,347.1,341.3,1311.3,981.8,357.5,356.9,224.3,164.0,3217.1,55.9,746.3,1
10,124.2,1132.8,173.5,166.0,1419.7,287.4,110.9,152.0,594.3,846.3,136.7,23076.5,5058.3,1134.2,302.7,70.6,555.6,77.3,622.9,3281.9,1134.2,264.4,159.9,732.5,3463.0,1085.4,137.3,1263.1,12.5,26.6,1188.0,65.1,635.8,1348.7,8777.3,38.2,160.9,1237.8,788.3,109.5,27.8,1486.8,42.7,301.6,288.5,343.7,248.3,1550.1,40.3,1609.2,60.2,2880.0,89.4,1698.4,1262.1,172.5,1508.5,127.9,2477.1,43726.7,290.0,1424.4,63.2,464.2,2150.3,213.9,1050.7,16.9,25.2,89.2,152.5,240.8,363.6,394.9,350.6,2534.9,23.1,4044.4,474.6,77.9,169.5,921.0,667.6,8.4,801.2,15.1,128.4,1366.0,1988.2,249.3,506.4,1228.2,1067.7,235.6,272.1,193.3,155.1,4751.1,109.5,1085.4,1
11,110.4,1144.5,1205.9,382.7,1405.3,258.8,168.9,127.9,822.4,550.1,185.1,20719.5,5213.6,972.2,345.9,165.1,246.0,288.7,352.4,1466.6,1108.7,256.8,257.5,989.7,3045.1,845.3,83.6,785.3,27.9,42.5,1339.6,59.3,386.9,1103.5,7062.7,33.7,227.5,1302.0,898.1,87.6,42.8,1053.7,257.1,285.3,238.8,297.6,207.8,834.8,54.3,1364.5,461.3,2920.7,192.7,1098.8,1334.5,335.5,1064.5,645.9,4688.8,32483.3,473.4,1682.1,28.3,670.0,1883.3,289.3,886.5,74.4,70.3,213.6,104.0,343.9,716.6,520.4,465.1,1712.2,28.7,4671.5,575.8,116.3,338.7,592.4,1541.5,24.7,1127.5,11.2,142.4,1122.7,2107.5,580.6,419.2,1060.9,1030.5,529.9,333.1,139.4,288.7,5739.3,127.6,702.1,1
12,40.8,856.9,228.1,535.7,1471.7,604.4,203.2,226.0,892.9,589.1,69.0,21934.6,6909.2,1539.6,604.7,30.8,296.5,58.8,553.8,2333.9,318.3,558.5,241.4,1121.8,3399.3,596.8,95.6,1640.0,50.6,14.5,1005.0,169.0,648.3,1969.0,5289.6,207.6,342.6,1381.1,1975.8,77.6,33.4,1705.7,25.6,517.8,222.1,523.4,290.2,1909.3,40.2,859.4,59.1,3170.7,128.0,1096.0,3564.8,186.0,759.0,152.1,627.0,22420.8,276.0,947.5,123.6,662.5,2916.2,335.4,774.1,113.6,93.5,290.5,178.9,242.8,370.8,269.1,712.2,1040.3,30.4,4555.8,533.4,31.4,142.3,900.6,335.8,12.5,861.3,146.0,329.5,2289.7,3059.5,452.9,399.8,1735.0,1313.4,388.3,500.2,247.6,167.6,1185.7,26.2,1302.8,1
13,131.6,954.2,2094.0,288.0,1149.7,260.5,215.2,175.1,1015.9,628.9,250.5,20687.5,2227.2,770.0,379.8,15.4,225.0,129.4,552.2,1974.6,286.1,282.7,117.8,758.2,2703.9,840.9,123.5,940.5,238.6,99.3,1073.3,26.3,494.0,1177.0,14042.1,47.4,208.9,935.4,1017.7,237.8,16.8,1351.3,100.4,377.4,367.5,342.8,244.4,1088.7,183.4,1245.8,385.6,2589.5,74.4,833.8,1056.1,244.3,1392.1,164.1,3347.8,38140.0,353.5,1280.1,19.6,702.2,1900.8,335.8,1198.5,87.2,53.6,244.0,167.2,299.5,756.5,558.9,631.6,1544.4,32.3,2992.0,454.7,131.7,94.1,812.6,1022.2,42.7,963.7,63.3,233.2,1522.4,2224.0,425.2,232.0,1176.0,969.9,493.7,411.1,350.3,152.3,5062.4,27.6,563.6,1
14,105.0,980.4,1035.2,267.1,1304.6,221.2,143.5,30.9,687.1,541.6,226.2,27753.7,2044.6,1330.8,534.9,179.5,411.5,132.0,746.1,1851.3,223.3,279.2,278.9,892.7,7615.0,678.7,153.1,859.8,61.1,18.1,1142.8,111.9,369.5,1822.7,6408.7,50.5,138.2,1289.8,1023.4,184.0,31.3,1335.0,27.6,284.9,198.5,220.6,520.5,4166.4,32.5,1256.4,70.5,2461.6,79.3,1434.1,3805.6,206.1,676.2,653.1,3329.2,65053.4,184.2,917.2,78.7,505.1,1757.9,269.8,900.3,11.1,95.5,38.9,180.6,123.9,653.7,458.3,494.8,2314.0,25.3,4667.1,584.1,153.1,168.1,868.8,911.4,20.1,1043.7,16.0,190.6,1143.3,2393.0,247.3,483.9,1133.1,1359.5,434.8,626.0,134.1,127.8,3196.0,84.8,772.5,1
15,310.3,429.9,585.1,1052.6,1349.4,988.9,180.8,113.9,361.6,479.8,59.7,14281.5,7410.6,2145.4,428.5,13.8,400.2,107.7,747.1,949.1,17.0,446.7,150.7,585.9,3431.9,56.9,11.4,1254.2,28.9,24.6,1376.8,130.8,698.7,1648.8,3147.2,47.8,230.5,499.6,1077.0,113.0,40.3,1832.8,157.4,290.2,119.3,545.6,442.1,2027.7,41.7,1043.1,539.6,4348.5,32.2,1329.2,5082.3,76.5,424.5,201.0,160.6,11068.4,450.3,598.7,76.0,616.5,2240.6,259.4,885.1,59.7,79.2,308.9,53.4,322.2,413.5,316.1,798.4,805.8,23.4,4739.7,974.5,181.9,280.7,777.4,241.3,42.2,767.7,52.5,282.1,2623.7,2712.4,451.0,172.8,1464.2,365.5,341.8,697.4,64.3,150.3,776.5,204.3,1018.0,1
16,230.6,946.2,454.0,535.0,1241.5,524.7,156.8,185.9,969.6,665.6,115.7,25027.5,3441.6,819.0,396.2,136.8,285.6,144.3,372.6,2164.5,236.2,217.3,268.3,707.7,2974.3,1067.8,43.1,842.2,23.9,119.0,1051.5,231.5,495.2,812.5,12781.8,29.1,271.2,876.6,731.1,164.2,38.2,1183.9,231.9,506.5,45.1,255.9,450.4,548.4,47.2,1704.6,244.1,1583.6,46.8,979.1,2207.5,329.4,1602.3,571.5,2792.7,46777.0,417.5,1158.2,110.8,821.8,2732.1,256.2,1112.2,35.3,189.6,103.8,28.7,369.1,508.4,545.3,577.9,570.7,29.2,6197.9,499.6,157.1,257.9,629.0,751.1,10.3,1012.7,17.5,201.2,1417.2,2093.7,540.8,319.6,1223.7,825.3,468.7,512.7,361.8,157.0,5262.1,185.8,715.4,1
17,89.8,332.8,2183.9,1033.6,984.0,1248.9,221.5,58.8,634.4,483.5,281.3,11412.5,4866.6,2047.1,556.9,104.1,127.4,56.2,409.0,934.3,69.0,457.3,186.4,240.9,2267.3,118.5,10.2,1038.3,58.0,37.4,1003.1,89.7,772.5,1984.3,3816.7,60.6,316.6,524.8,693.0,323.4,22.3,2071.9,131.3,516.6,98.6,324.6,457.9,379.9,40.1,692.7,465.1,4775.8,56.8,1162.5,6187.4,43.5,487.2,247.2,63.8,8002.4,321.1,991.3,63.6,1132.0,2775.2,356.8,642.4,122.7,58.3,202.7,177.8,349.7,479.0,229.3,399.7,276.8,34.5,5200.6,1023.1,207.2,435.5,906.7,195.1,18.4,1336.1,58.7,389.7,2584.8,2679.7,580.1,569.4,1244.2,1156.0,654.9,1231.7,181.1,290.8,786.5,246.3,1522.0,1
18,144.4,1028.2,545.0,572.3,1321.5,331.7,264.8,525.2,859.4,470.2,342.9,25363.2,2241.8,1149.1,351.6,196.3,461.2,278.9,700.9,2223.0,332.4,269.0,192.8,766.6,2631.0,779.0,218.7,1070.6,51.4,31.0,1586.1,185.0,439.4,2345.0,6897.4,28.1,304.7,672.9,1423.2,380.0,21.5,1886.0,35.7,370.9,296.5,209.1,118.8,5092.1,322.6,1259.5,349.6,2595.7,49.9,1071.3,2389.7,430.6,930.3,260.3,1849.7,43955.0,452.7,1576.6,15.3,632.4,1615.8,427.5,811.6,128.2,60.9,110.4,232.2,223.2,438.1,464.4,581.6,1230.2,21.8,4450.8,603.4,118.5,392.5,1055.8,781.5,13.5,1082.9,72.8,265.0,1184.5,2265.4,491.5,407.5,654.2,1002.8,869.7,485.7,279.3,148.5,3503.3,165.9,902.5,1
19,97.8,1318.7,122.0,217.7,515.0,182.9,113.7,196.1,610.9,509.0,207.8,11412.6,554.5,1283.6,525.9,131.4,153.3,379.5,469.0,2317.1,503.8,131.4,321.4,340.8,3580.0,953.0,158.8,1549.6,366.7,13.4,454.3,103.2,365.7,999.2,13752.1,36.1,250.5,780.4,203.2,75.2,17.5,1032.8,136.7,166.5,128.1,198.9,312.0,646.3,53.5,991.0,117.5,1400.0,82.6,2153.0,949.8,219.7,85.3,144.5,641.7,26588.7,203.9,822.0,20.2,599.2,2616.6,448.8,697.8,22.1,70.6,184.6,240.6,132.5,612.2,596.3,650.4,408.1,33.6,3198.9,325.0,15.5,319.3,1719.2,2038.1,21.1,1128.5,205.3,193.5,1293.9,2017.3,141.5,394.5,1200.6,825.9,474.8,107.6,244.1,78.1,13296.5,46.6,946.3,2
20,131.9,1299.3,140.9,167.4,587.7,188.1,100.0,234.2,513.5,748.6,199.0,12353.5,535.6,1562.6,650.1,27.0,128.4,524.9,592.9,2142.2,256.9,177.2,162.7,467.4,4963.6,1305.3,97.1,1818.4,366.8,17.0,643.4,128.9,263.9,805.6,12812.7,36.1,145.4,938.2,208.2,180.8,41.7,1587.0,157.1,181.7,79.3,35.1,361.8,480.7,51.4,974.2,190.4,1902.0,49.2,2667.0,1634.8,221.0,291.1,227.8,844.7,30334.0,390.2,787.7,58.8,656.0,2793.7,361.6,780.4,12.3,55.0,122.2,164.3,97.1,573.6,308.7,491.9,898.6,25.3,4335.2,201.2,30.7,243.2,1872.1,1318.6,14.5,1051.0,139.3,295.3,1276.6,1967.6,94.9,626.2,1557.8,577.2,457.2,61.9,314.0,131.8,6699.5,124.8,847.4,2
21,89.5,1241.8,198.0,214.9,821.9,504.7,172.1,227.3,639.7,572.2,75.8,11139.9,2853.6,1134.7,462.4,53.5,196.3,322.2,333.0,1934.2,642.8,123.9,254.3,406.2,4479.0,498.7,96.3,1483.1,354.2,54.7,785.8,191.0,405.9,984.8,12421.9,73.2,129.2,1896.7,203.4,108.1,54.8,1346.5,238.6,447.4,77.0,306.6,153.6,678.5,37.6,873.9,138.6,1518.2,142.7,2247.7,739.2,277.3,299.0,80.2,7186.4,28536.2,227.8,1385.7,60.3,655.8,2705.0,353.8,741.7,20.8,72.1,133.7,57.2,128.2,524.4,387.5,717.5,406.1,37.7,2796.9,302.6,18.8,228.5,1048.5,927.3,11.7,1373.8,15.8,240.8,1526.3,2336.6,68.7,499.7,1458.6,1003.7,338.8,210.5,101.1,311.3,8161.9,222.8,1072.5,2
22,132.4,1525.6,211.3,144.8,444.2,295.1,344.2,254.8,382.2,749.6,141.4,10797.2,948.2,1618.8,781.2,56.0,54.4,628.8,597.5,2105.6,794.2,186.3,45.8,222.0,6359.2,600.8,279.1,1453.0,517.8,25.2,520.0,181.7,423.1,1516.2,12084.1,35.1,259.1,542.1,215.1,22.7,25.1,1422.7,141.7,275.2,77.0,358.5,508.4,831.8,51.0,1157.2,111.2,1716.7,156.0,1953.9,1356.3,113.8,237.4,122.0,554.2,26386.5,483.7,868.1,72.8,625.5,1846.5,436.7,823.6,34.2,31.5,134.3,208.8,103.0,599.1,222.9,659.8,573.0,52.9,4215.1,381.1,43.2,129.6,900.7,1175.7,17.0,1398.8,58.9,295.2,1306.1,2700.0,138.6,436.5,1222.6,424.1,548.1,289.2,303.1,120.2,13495.8,253.2,1230.3,2
23,227.1,1114.3,87.1,134.4,779.3,295.2,86.3,56.7,569.6,564.6,68.5,10153.0,813.7,1433.4,524.3,25.6,140.7,373.9,403.7,1819.8,239.8,176.3,264.3,435.4,4335.1,1254.4,106.5,1753.1,416.1,16.2,645.6,170.6,414.8,1101.4,13252.5,31.6,199.3,1140.1,189.4,249.5,26.6,1556.2,106.6,362.1,111.1,169.0,472.9,519.1,39.1,992.3,304.7,1134.9,126.4,2657.5,626.4,146.0,77.7,137.0,985.9,30372.8,418.3,1009.5,37.0,697.7,1384.2,308.2,658.3,16.9,67.6,88.8,160.4,112.0,628.2,594.1,835.3,466.5,36.1,3315.6,174.9,32.5,332.2,1312.6,1335.9,10.6,967.0,138.7,199.1,1646.6,1984.1,138.2,463.4,1678.4,989.1,338.5,141.4,215.9,155.3,6977.5,34.9,825.3,2
24,192.8,1983.6,42.4,372.1,696.0,386.2,30.5,243.6,836.4,398.8,146.8,14625.8,1974.2,1443.9,589.8,38.7,164.8,447.5,348.3,2128.1,658.4,229.6,90.9,339.1,4878.5,639.1,265.9,1926.7,335.4,166.9,849.6,80.3,425.6,1163.6,14564.2,60.6,213.6,848.9,306.0,91.2,23.1,1255.0,129.5,376.0,244.2,192.8,241.3,901.4,53.3,412.2,131.0,1949.0,151.6,2163.4,1188.6,155.1,319.7,201.0,2410.2,19127.4,392.0,842.3,106.7,919.2,4491.5,422.1,580.5,25.0,57.7,168.2,292.4,63.0,465.8,515.9,736.2,627.8,57.7,4203.9,287.9,48.6,489.3,794.3,755.5,14.8,1332.7,61.7,241.8,1682.2,3025.7,92.9,383.5,1131.5,768.8,695.7,166.4,115.6,205.3,6991.4,179.7,1339.3,2
25,169.3,1851.1,25.7,271.7,504.1,248.2,27.5,160.7,608.9,846.7,105.2,10916.8,1100.7,1684.9,550.9,52.4,209.5,419.3,517.9,2376.4,421.4,106.4,469.3,115.1,7464.5,1131.8,164.3,1602.6,134.3,76.7,800.1,123.1,384.6,845.6,11633.6,23.6,326.2,1399.8,211.9,277.4,54.3,1498.9,235.3,185.5,367.8,178.9,512.9,579.3,68.4,923.4,261.7,1408.2,60.7,2201.9,976.1,181.2,65.8,109.4,755.3,26461.1,352.1,925.3,122.5,715.7,2513.1,314.5,599.9,21.0,59.1,75.5,78.1,31.6,581.3,473.8,495.2,1129.5,45.6,3689.8,455.6,72.9,379.2,1298.9,2244.8,10.6,1414.5,100.9,292.9,1265.7,2312.5,118.9,372.1,1459.7,574.4,467.6,72.5,143.8,235.9,8626.1,195.2,1095.5,2
26,54.3,1542.1,57.1,202.3,507.0,298.2,230.3,140.9,569.7,674.1,206.4,11431.4,368.5,1265.8,505.1,52.2,54.8,691.4,571.7,1853.7,723.9,164.6,330.7,183.7,5978.1,782.1,136.8,1806.1,144.4,132.4,818.9,135.0,441.1,1209.9,14765.9,63.8,205.7,888.7,176.7,230.8,27.7,1469.9,134.8,140.5,70.3,394.1,432.9,654.0,95.3,1322.5,357.6,1533.7,54.4,2442.8,1279.9,217.5,232.5,50.1,112.6,28190.7,259.0,645.4,86.2,814.9,1957.1,569.8,656.6,23.4,43.4,58.5,105.1,33.7,443.2,496.2,546.0,738.3,64.8,4224.0,390.9,47.3,248.9,1321.6,2504.4,14.0,1182.6,92.7,203.5,1328.4,2564.7,191.2,385.4,1137.5,842.5,339.2,230.1,92.6,34.6,15215.1,260.7,1057.8,2
27,246.8,1865.5,119.1,159.9,506.8,453.7,316.8,77.4,619.6,486.6,240.1,10840.5,353.7,1492.0,651.2,43.2,164.1,577.5,592.1,2801.8,613.3,147.0,293.4,240.3,4187.6,1305.6,169.1,2124.7,140.8,59.5,851.5,187.4,574.8,1293.8,12204.1,29.4,244.9,1065.5,249.4,169.4,32.7,1587.7,151.6,277.0,62.4,286.9,110.2,679.5,86.3,1782.3,73.3,1341.1,114.5,2222.2,1086.3,229.2,210.3,88.4,253.4,23433.1,429.3,1223.0,112.1,1005.4,2684.9,542.1,619.2,22.3,94.6,100.1,207.7,59.6,533.9,507.0,785.0,510.0,35.1,3600.7,331.6,8.5,305.9,1944.2,1496.3,20.6,1223.9,114.1,236.6,1094.8,2573.0,242.3,453.8,1509.9,1050.6,342.8,77.6,157.3,45.4,9254.4,124.5,1122.9,2
28,163.0,2074.9,64.8,176.3,487.5,214.5,234.6,213.9,525.6,696.6,61.4,11365.3,992.3,1651.6,503.9,33.7,83.0,554.2,636.8,1897.0,577.8,143.4,460.0,378.4,5240.9,1246.9,103.6,2016.3,179.8,32.3,601.6,13.9,340.1,741.1,15298.4,53.3,249.8,1298.3,206.2,163.9,19.3,1584.5,187.6,175.3,60.2,122.2,593.1,565.0,124.6,1366.7,28.0,1521.6,33.2,2534.3,1255.0,191.9,388.3,210.7,1352.4,28127.2,486.3,1023.7,51.6,640.8,2931.0,466.8,775.7,20.3,37.3,308.6,172.5,136.2,597.9,488.8,754.2,694.2,33.1,2573.2,300.4,17.1,405.8,1823.9,1709.0,14.8,1144.3,277.3,339.5,1344.9,2490.8,34.5,319.5,1106.8,629.2,420.6,91.6,241.7,167.5,9112.8,92.1,943.8,2
29,182.1,1429.6,181.4,117.4,591.7,234.8,156.8,189.6,539.2,717.6,150.5,13248.5,142.1,1852.5,549.3,42.9,188.0,626.5,657.9,1871.6,343.9,162.4,298.7,254.9,4759.7,1017.5,202.5,2096.4,485.9,17.2,636.0,110.5,556.9,1239.3,12033.6,37.9,204.9,1171.4,192.3,105.5,39.0,1695.1,73.1,153.0,139.0,174.9,260.2,677.8,47.5,1677.4,71.2,1099.2,78.7,2374.5,1674.7,186.0,285.3,131.1,38.5,27946.0,130.8,619.0,22.4,638.8,1995.8,581.3,975.8,14.7,59.6,83.5,55.8,40.6,386.6,398.3,585.7,584.6,38.6,5300.5,345.4,73.2,346.9,1227.9,1083.5,29.1,1233.3,81.0,187.5,1456.0,2437.7,104.7,389.5,1211.7,737.0,457.4,139.8,294.8,133.1,9457.4,49.5,1276.0,2
30,122.9,1750.0,73.4,44.2,568.2,362.9,46.7,70.3,612.9,639.5,143.2,12805.9,1042.1,1467.4,797.5,38.0,58.9,456.8,587.4,2381.5,608.2,158.7,255.5,260.3,3927.4,1034.3,158.0,2070.0,73.7,34.9,644.5,105.2,357.2,1285.0,14295.7,16.8,109.8,1001.6,176.9,64.8,23.6,1641.5,120.2,243.6,64.3,316.1,459.1,511.4,72.3,1561.7,186.1,1536.6,38.9,2269.2,1107.7,241.0,245.2,123.3,703.9,29366.1,298.5,775.4,72.2,671.1,2113.4,317.1,936.3,37.2,29.2,208.4,238.3,43.8,802.7,435.9,609.5,522.0,28.6,4900.6,236.5,24.6,272.6,2136.8,1493.6,21.8,1286.2,146.5,154.6,1552.5,2443.0,66.1,465.0,1361.2,640.9,96.7,210.1,204.2,139.4,7826.6,50.9,998.6,2
31,297.1,1436.0,24.0,76.7,428.0,430.1,336.1,200.8,325.0,602.7,105.7,13354.8,454.3,1799.4,887.6,34.5,206.0,434.7,911.8,1856.2,329.4,227.5,304.7,342.5,4504.2,1457.6,161.5,2398.6,192.0,20.8,717.6,128.0,634.2,1081.9,10890.7,23.2,160.0,640.0,198.6,92.6,19.8,2014.6,153.6,283.7,225.4,225.3,534.0,719.8,254.4,1614.8,93.7,1597.8,58.9,2314.7,1290.4,296.8,425.5,179.2,252.6,28845.4,441.8,639.5,32.0,781.0,2011.3,497.8,648.5,32.1,23.8,109.3,126.0,113.6,525.0,396.4,659.1,390.4,40.0,4569.8,325.2,39.8,313.0,1081.3,955.6,46.5,965.2,160.1,338.7,1332.5,2729.9,117.3,427.5,1128.6,632.0,403.4,299.0,81.4,25.7,9408.4,19.2,1287.7,2
32,143.1,927.4,2573.5,242.2,520.8,543.5,126.9,49.0,929.6,1154.2,139.3,9017.9,18625.5,986.4,414.3,55.9,285.3,140.7,323.7,1395.6,2356.8,218.2,210.7,429.8,3819.9,911.2,100.9,916.2,27.9,24.2,1568.3,71.9,439.4,1058.8,8349.6,36.2,292.0,1350.3,742.3,215.3,41.4,2163.3,92.2,312.2,160.1,218.0,482.0,587.2,173.1,1165.0,145.5,2786.8,83.9,1537.5,910.8,328.3,1306.2,142.6,23606.3,16473.2,4076.7,1203.3,55.0,825.6,1358.6,330.1,806.4,99.3,28.4,212.0,187.4,578.4,400.2,595.7,600.5,4466.7,30.1,3620.0,387.1,28.4,223.8,1894.3,1474.7,23.3,1161.6,19.5,166.3,822.4,2983.1,263.0,289.4,1007.0,1006.6,370.9,128.7,450.0,280.8,2075.0,165.2,776.7,2
33,151.7,1347.5,22.3,301.8,479.3,218.6,187.0,161.8,659.2,733.5,225.4,12940.8,334.7,1593.8,542.4,104.6,151.2,335.7,363.6,1879.7,553.8,243.5,335.3,284.7,4091.5,1174.4,171.2,1705.3,533.3,17.0,1015.5,48.3,256.1,1075.3,13518.2,37.2,212.2,1273.9,232.2,237.4,48.7,1317.3,149.1,162.3,212.6,140.7,375.6,563.7,48.1,1046.8,172.8,2039.5,45.6,1957.2,1383.3,294.6,171.6,176.0,346.3,27148.0,485.6,877.3,35.7,615.2,2138.1,590.5,862.8,15.1,31.2,212.4,39.2,166.2,539.5,464.6,763.6,595.0,31.6,4871.7,293.1,96.0,313.5,1178.0,1481.0,26.1,1230.2,150.5,348.1,1426.1,2624.0,81.8,427.5,1225.2,851.6,343.9,209.3,306.8,102.2,9081.7,79.9,1307.7,2
34,142.8,1359.0,170.4,133.1,723.5,420.5,157.8,93.0,627.7,576.1,96.6,12018.9,496.3,1788.5,590.9,72.4,122.7,330.9,607.6,3031.5,700.9,165.9,253.9,157.5,5834.8,1576.3,177.5,1771.7,289.2,20.0,662.7,45.9,349.6,1192.2,11795.4,33.0,105.4,659.9,172.5,25.8,26.5,1653.0,132.7,146.0,319.0,161.1,290.7,492.0,119.1,952.1,100.5,1464.7,29.7,2474.6,905.1,195.4,194.9,154.3,277.7,22411.8,354.0,752.7,87.9,680.7,1958.5,397.2,956.5,19.5,25.5,73.7,138.8,140.9,362.5,345.8,637.3,608.3,25.1,3333.3,301.7,31.1,176.4,2316.5,1428.3,8.9,922.3,321.6,175.8,1858.9,1876.8,129.9,372.4,1313.8,566.7,283.9,80.5,240.7,78.5,10204.9,66.9,1307.9,2
35,132.8,781.6,37.3,62.5,1374.2,790.7,195.4,119.8,744.3,813.9,42.1,14868.3,5390.4,1778.4,498.9,30.9,97.1,18.6,442.0,1550.0,254.8,133.5,224.8,214.2,5057.9,1537.3,90.6,1057.9,27.2,18.1,898.0,85.6,505.0,974.0,7346.1,26.2,180.3,810.0,600.6,170.6,40.8,1653.2,134.9,337.7,281.5,390.9,241.1,799.1,38.2,1151.3,270.9,2229.7,167.5,1398.0,917.9,192.0,413.9,11279.8,7875.1,24160.2,437.3,774.5,32.5,757.8,1253.2,274.4,1145.7,14.3,42.6,133.1,58.1,37.3,294.6,645.1,892.3,1751.6,40.5,3758.9,294.9,23.8,297.0,450.9,1371.0,8.4,622.2,178.9,139.2,1535.3,1494.1,49.9,410.0,1796.1,951.5,281.1,243.9,407.7,515.4,7584.3,220.5,790.6,2
36,182.2,1347.4,124.6,266.7,761.8,361.8,133.6,388.1,284.2,702.8,129.3,10790.5,1571.6,1920.4,626.8,73.2,108.7,209.1,459.3,2755.3,703.2,136.2,196.2,599.7,3897.4,628.6,219.2,1279.8,2549.6,46.8,664.9,198.5,833.8,197.7,14868.1,175.5,329.7,971.9,318.1,65.7,77.6,1652.6,78.1,252.2,266.1,910.3,501.9,1034.5,46.9,1307.5,477.5,1676.6,248.5,1345.4,888.2,118.5,80.6,3320.4,1163.9,35301.7,629.2,1612.5,161.2,975.7,1489.9,498.7,683.7,194.4,67.4,394.7,477.1,261.7,661.9,742.6,397.1,366.7,63.7,3205.2,351.6,133.3,379.2,525.7,2557.1,34.5,652.5,405.6,265.1,840.7,2128.4,219.9,545.3,1394.6,146.3,766.1,152.4,707.4,289.5,2635.5,605.2,467.2,2
37,102.4,1153.2,45.9,168.0,676.5,303.1,131.8,155.8,712.3,455.4,98.5,11450.3,1452.9,1911.4,588.8,39.5,179.6,305.0,479.0,2104.3,458.8,225.9,354.8,195.7,7227.5,1081.6,39.4,1549.0,231.0,25.7,764.7,124.2,357.9,1146.5,11858.9,15.7,106.2,614.3,280.6,53.6,32.3,1465.8,130.5,193.3,158.8,171.0,288.4,534.4,42.2,598.7,171.2,2067.3,12.3,1828.9,1385.0,263.8,20.1,117.6,1082.0,23431.4,403.2,1017.6,90.5,681.8,1963.8,297.8,582.5,8.7,62.5,96.6,117.7,88.2,500.1,307.9,764.5,791.2,23.7,4496.7,408.6,18.9,339.6,2003.0,1605.4,9.8,1053.0,223.0,348.9,1450.3,1880.3,257.5,475.1,1461.4,849.9,326.2,174.3,222.1,165.1,6611.8,62.2,1341.2,2
38,144.0,904.9,180.6,158.7,494.3,317.3,186.4,73.7,682.2,543.9,177.3,12138.0,598.5,1356.8,434.4,18.0,211.5,478.3,669.1,1950.4,454.4,233.7,278.0,178.3,3581.2,989.0,240.0,1405.1,87.9,27.9,816.4,84.7,438.2,900.0,12260.8,12.9,273.2,809.2,202.1,289.2,44.6,1120.5,98.5,174.2,338.8,118.5,415.4,585.3,124.0,1216.4,346.3,1663.8,45.5,1731.3,2051.1,260.7,430.8,116.2,471.9,23579.9,352.5,1041.0,8.2,668.7,2133.1,402.5,616.8,13.2,67.2,70.3,256.7,84.9,626.0,518.9,827.6,556.1,24.1,3705.6,429.6,73.0,464.5,1199.3,1552.5,13.1,946.5,141.6,274.9,1053.3,1800.3,149.1,504.8,935.0,950.8,551.3,121.4,119.9,174.6,16338.1,179.3,925.2,2
39,110.6,1032.7,135.8,111.3,658.1,346.3,199.9,157.9,721.2,749.7,85.8,11912.0,566.7,1942.0,460.4,23.7,136.9,483.3,458.6,2384.1,324.0,176.4,232.5,139.4,4010.3,1392.8,156.3,1587.2,306.3,20.0,637.4,120.0,386.6,1128.2,14282.9,30.7,170.1,850.7,250.6,172.5,45.5,1256.1,215.0,158.4,156.6,55.2,59.5,595.3,43.9,1392.0,180.9,1880.1,29.8,1601.6,1336.3,284.3,253.4,180.4,281.7,22026.3,324.3,1344.9,49.7,802.8,2283.3,576.6,711.5,11.4,73.0,204.2,29.2,126.8,313.7,439.4,800.1,499.1,24.2,3900.8,364.9,25.2,317.8,2068.5,2595.0,9.8,1025.2,271.9,341.1,1123.7,2008.5,145.6,370.6,902.8,853.8,324.3,83.9,233.8,146.0,12187.8,36.5,1466.7,2
40,182.2,804.5,17.6,108.6,553.3,429.0,144.1,148.5,791.5,521.9,143.5,12968.2,365.4,1855.7,620.4,31.8,34.7,364.9,235.0,1969.4,298.3,175.7,192.8,194.8,4444.3,1135.7,290.1,1775.7,289.2,17.2,792.3,123.0,326.3,986.4,10963.5,32.8,165.6,526.7,250.1,154.7,18.8,1667.0,117.9,159.2,240.3,151.7,302.0,473.8,32.6,1210.1,134.4,1328.8,52.2,1691.3,1641.1,198.4,70.8,134.6,192.3,24673.6,296.9,1122.7,10.5,818.3,2514.9,346.7,616.9,13.7,29.1,69.1,47.3,151.7,452.6,295.8,727.1,516.8,31.3,4058.4,469.9,66.4,334.5,1042.3,1860.3,9.7,1117.0,144.5,305.6,1256.6,2102.6,168.8,404.2,693.5,752.0,326.8,141.5,71.1,124.5,17553.2,170.9,1567.9,2
41,168.0,1270.9,159.5,213.9,648.2,330.5,95.4,91.3,613.1,463.8,147.1,11771.2,1065.1,1343.9,411.9,89.2,100.3,618.6,435.1,1677.6,552.1,143.7,278.1,339.6,4392.5,495.0,219.0,1392.1,374.1,11.6,644.5,74.0,253.7,1247.8,11997.1,9.4,108.1,1100.0,215.2,169.5,26.0,1083.8,101.3,213.5,140.3,127.3,242.0,738.5,72.4,1083.9,128.7,1901.2,39.1,1962.4,874.8,181.5,74.4,134.2,2327.8,24861.6,309.1,987.9,35.4,474.6,1732.0,256.7,658.0,11.3,96.0,82.4,83.3,98.0,434.4,604.7,556.9,601.9,22.0,3598.0,381.9,88.5,193.5,1145.5,2140.4,41.0,1056.0,57.9,297.0,1933.4,1773.7,81.7,358.9,1240.9,669.6,261.4,188.1,176.2,112.3,13443.4,132.4,1093.4,2
42,142.1,1142.6,108.8,113.3,849.6,311.7,82.2,98.4,861.4,448.0,83.0,10523.7,1354.8,1828.0,480.9,41.7,105.7,335.1,381.4,1713.0,565.0,219.8,188.7,219.8,3545.1,1227.3,110.2,1400.1,316.3,13.3,430.5,46.8,328.7,867.9,10796.4,19.0,121.6,949.7,228.7,100.4,22.5,1197.3,79.8,171.1,62.3,49.8,199.9,562.4,69.4,713.8,92.2,1856.9,34.5,1709.9,736.4,197.4,233.5,119.2,1460.0,20318.5,377.8,899.0,7.2,591.6,1605.2,262.3,967.7,30.5,36.5,96.5,117.4,79.4,409.5,433.3,963.8,480.1,11.1,3685.8,301.3,24.3,383.1,1800.3,1750.5,6.8,868.7,247.5,429.2,2000.0,1685.5,73.3,399.2,1287.7,663.2,168.6,176.0,97.5,89.4,8045.8,61.7,978.8,2
43,123.2,1202.0,151.5,197.1,582.9,272.7,84.6,92.7,529.7,464.4,226.2,12315.8,2601.0,1276.1,434.4,16.6,191.8,623.1,343.8,1679.0,632.5,165.6,337.2,379.4,3838.6,648.5,163.3,1177.3,381.6,11.9,513.3,84.4,295.8,1236.9,9338.2,27.3,169.9,1252.1,162.2,91.1,35.6,1069.2,124.3,196.2,80.1,119.3,412.1,688.5,27.4,1151.9,117.4,1436.3,31.3,2076.9,998.1,234.4,308.3,168.3,3521.2,27014.1,643.3,1056.2,8.2,610.2,1395.1,225.7,627.2,8.1,42.8,187.9,113.9,70.4,495.3,542.0,526.3,657.8,21.2,3266.3,284.5,70.2,220.0,951.2,1827.2,24.7,987.9,87.4,329.3,1374.9,1812.5,155.2,443.5,1128.1,831.7,265.3,132.4,256.5,59.4,10580.0,111.3,867.0,2
44,124.4,1321.7,147.2,269.1,793.7,211.7,173.6,255.0,642.5,668.9,171.5,10679.8,2516.6,1224.4,487.5,34.5,151.8,462.8,469.7,1719.0,781.1,147.1,187.2,395.5,3962.0,526.0,252.3,1307.7,179.4,17.7,750.4,80.9,371.5,1156.4,12956.6,37.3,163.0,1406.0,248.3,26.8,32.6,1230.3,201.6,238.7,153.1,220.5,370.5,711.4,89.8,635.2,142.3,1818.9,83.5,1825.8,891.3,210.0,182.3,148.2,4665.0,23322.9,304.3,1203.9,100.4,537.8,1714.5,276.7,882.2,8.7,32.7,165.4,113.4,143.3,377.6,593.4,747.3,531.4,35.4,2627.5,325.3,28.2,232.1,1222.3,2284.3,20.1,1143.7,82.8,284.2,1521.6,2268.6,126.8,421.9,1245.0,816.5,348.2,207.5,201.2,71.8,8119.9,47.8,867.6,2
45,146.6,1423.0,68.7,110.1,579.3,321.3,131.9,135.4,583.4,542.6,160.8,11317.7,1147.2,1342.5,390.1,31.0,108.1,455.0,451.1,2039.8,652.2,181.0,189.9,335.6,3787.0,1199.1,182.6,1640.9,278.6,12.6,682.9,107.4,308.8,813.9,13189.2,25.2,139.3,931.1,201.9,105.4,30.0,1251.1,64.5,279.1,72.4,143.7,289.2,628.1,79.3,815.1,61.5,1528.9,29.8,2478.1,1015.4,214.3,153.8,87.8,1675.5,24715.1,494.7,934.6,33.6,541.5,1821.3,270.1,740.8,12.2,45.3,46.5,127.2,108.8,419.5,525.6,641.0,608.5,23.2,3506.5,294.3,9.2,237.0,1429.9,1611.2,15.6,1161.4,161.2,336.3,1543.9,1955.3,135.8,388.9,1316.0,735.8,183.3,125.0,74.7,51.8,13459.1,151.5,955.3,2
46,88.0,1409.0,11.3,185.1,646.7,222.4,166.7,168.9,607.3,734.5,114.0,11075.9,948.3,1627.8,587.3,74.5,138.9,409.0,490.1,2285.2,347.3,179.5,388.8,380.4,3946.9,1204.9,176.4,1540.7,221.2,12.1,598.6,99.8,312.0,873.6,13099.3,54.4,206.7,728.9,212.1,190.6,23.8,1509.4,121.4,261.4,74.2,196.4,482.2,569.4,48.9,1390.9,125.6,1871.9,25.4,2378.4,1310.8,221.4,112.5,174.6,836.7,26787.0,603.5,693.1,27.2,569.5,1688.8,328.2,844.2,16.6,46.7,141.8,149.1,39.5,509.2,476.0,611.3,680.0,28.5,3028.5,267.6,59.9,205.0,1035.1,1850.8,12.5,943.1,153.1,374.9,1501.4,2208.5,137.8,511.2,1545.1,1014.5,260.0,150.8,127.6,123.5,8297.7,54.6,892.6,2
47,109.2,1449.8,100.5,192.8,836.2,552.2,96.2,105.3,599.3,530.0,324.1,12339.3,1728.6,1467.5,522.1,46.3,77.4,169.3,397.5,2063.7,470.9,157.2,273.0,154.7,5723.7,1011.9,130.7,1581.7,323.0,51.0,560.1,88.1,336.8,892.3,11880.2,31.5,273.9,1032.3,284.6,175.5,173.9,1360.0,127.2,297.7,107.2,204.8,106.3,499.7,57.0,1238.5,54.4,1785.2,30.8,2326.6,1232.8,218.5,362.3,142.7,1354.7,21856.3,371.0,1119.1,65.8,844.0,2519.3,306.9,708.7,37.4,72.0,112.1,36.4,167.0,422.4,227.1,604.1,1177.7,24.7,4800.2,303.8,11.5,279.0,1119.9,1035.6,15.4,1519.0,209.6,386.1,1671.9,2104.2,177.7,588.1,1344.3,627.6,276.5,105.0,277.1,186.5,10022.4,144.6,1106.4,2
48,294.4,856.8,22.6,36.1,549.4,386.2,190.1,185.6,806.9,602.9,217.4,23396.0,8166.5,1580.2,700.6,33.7,205.6,231.6,79.4,2645.2,331.3,428.6,65.9,281.2,4763.5,415.5,159.2,864.9,493.7,17.3,742.4,94.7,348.5,680.6,12268.6,30.0,242.5,2049.0,124.7,72.2,40.8,1699.2,186.1,262.4,296.2,175.7,230.2,1000.0,68.2,1545.7,279.0,2181.5,29.6,1546.1,1309.2,269.4,178.9,5847.0,10148.4,46339.4,299.3,1115.0,74.8,641.3,1691.8,280.4,1203.2,13.9,57.5,87.4,156.3,181.4,477.3,666.4,558.0,765.5,42.4,2261.9,284.9,107.4,165.8,667.1,3722.2,17.4,619.3,155.7,253.0,1169.6,1774.9,140.3,201.8,1381.4,1291.8,274.4,47.6,272.9,367.8,4558.7,207.6,1101.0,2
49,99.4,881.5,116.4,246.9,677.0,397.2,79.9,32.9,1178.7,824.8,118.2,10021.2,17591.8,1407.0,386.8,31.4,160.6,102.8,338.2,1386.8,534.4,169.5,315.7,502.2,5266.6,1487.5,97.4,898.5,15.4,9.1,1463.3,55.0,337.5,466.4,9452.0,24.7,167.0,1235.5,362.2,309.9,130.6,1339.4,79.2,281.3,153.4,141.5,271.3,502.5,184.3,683.2,62.7,2248.3,42.1,1096.0,794.0,173.9,769.0,3762.6,16642.9,16267.0,1654.3,925.9,32.8,844.2,1268.6,244.3,1544.1,8.6,28.5,183.7,224.7,405.7,575.6,708.5,835.7,3421.1,22.6,2612.6,394.7,152.3,235.9,304.2,2503.4,11.7,651.5,69.2,186.9,1621.5,1459.8,106.0,395.6,1274.2,924.1,355.9,233.2,182.0,670.9,2471.6,209.0,1131.1,2
50,132.6,823.3,860.0,388.7,670.2,243.5,113.2,12.1,839.5,633.3,86.4,11911.9,16354.6,1193.0,439.5,63.1,151.9,163.2,514.7,2130.2,1269.2,220.4,287.8,339.0,5073.5,843.8,72.6,732.4,28.4,22.8,1118.6,31.2,394.7,1560.1,11651.5,34.6,199.9,1080.6,456.1,214.5,26.8,1546.6,119.4,219.2,193.7,308.8,239.6,506.9,95.1,980.1,227.2,2143.1,23.6,1469.4,964.1,143.1,929.0,4086.2,13438.3,20106.6,1147.8,1004.9,40.8,815.5,1938.8,294.0,881.2,20.9,53.4,122.0,48.9,428.0,349.9,408.4,713.4,3484.0,23.7,2352.9,437.5,21.8,257.1,363.2,1919.4,9.2,975.7,245.4,128.3,1013.2,1666.2,129.6,313.4,1078.2,1090.1,381.7,201.1,222.3,344.4,5847.0,98.8,1061.1,2
51,40.6,1264.7,55.5,127.2,364.3,504.7,68.4,53.2,587.1,691.6,118.5,8360.9,7764.5,1106.6,529.2,17.4,113.3,194.5,547.0,1437.7,482.5,113.6,370.4,406.9,5174.0,460.2,94.9,1051.9,19.8,7.9,699.1,69.7,179.2,1311.7,11800.0,19.3,172.4,889.4,666.1,238.1,66.2,1784.5,90.9,221.0,41.0,145.4,386.8,434.9,39.2,765.1,220.9,4323.5,30.5,1609.9,936.9,225.4,402.0,8616.9,5290.4,24095.6,472.3,806.1,67.1,936.5,1670.0,169.4,1107.9,9.9,21.8,75.7,187.3,109.2,351.5,504.3,747.2,1714.3,17.1,2407.8,480.2,53.9,128.7,390.4,1730.5,7.5,652.0,140.1,105.4,1484.2,1607.3,110.5,340.9,1101.1,1642.3,273.8,247.4,232.4,484.8,6475.7,81.7,1728.7,2
52,64.2,983.7,1070.0,489.0,205.0,535.8,162.9,114.5,747.7,377.2,92.1,12329.1,14850.1,1368.1,313.4,25.6,132.4,321.5,507.6,2132.2,2269.6,145.4,207.1,517.7,2903.0,512.0,142.9,735.5,56.4,31.7,810.8,89.3,294.0,636.5,14393.6,37.3,145.2,1476.2,440.4,88.1,70.2,1471.6,134.9,351.5,55.8,199.3,414.5,1569.5,48.5,1181.6,357.0,2412.2,132.1,1384.7,772.3,209.2,560.3,1308.2,17141.6,28770.5,568.5,1173.7,53.9,1045.1,1318.4,262.9,628.0,15.6,60.3,161.0,133.5,361.3,558.3,501.7,971.5,999.7,27.5,2906.5,661.0,112.8,222.4,655.4,1991.4,16.7,764.4,108.2,171.0,1081.9,1718.1,257.3,601.6,1488.6,672.5,303.8,367.6,391.2,155.6,6410.2,47.8,600.8,2
53,147.3,1018.6,598.4,416.0,884.4,248.8,135.6,72.6,790.9,787.0,205.8,13496.3,14602.7,987.5,310.5,22.7,214.4,206.4,353.8,1799.8,2025.1,279.7,187.2,739.4,4045.6,1019.7,92.8,715.5,277.5,15.0,1223.0,23.6,405.1,857.8,9809.9,35.7,232.3,936.2,589.6,173.0,36.0,1706.3,166.6,240.9,66.7,228.2,306.9,954.4,116.7,1094.0,274.3,2426.8,62.3,1012.1,1128.2,185.4,1213.2,3313.6,14149.4,20421.5,639.3,1143.7,28.4,715.4,1574.6,257.1,853.9,14.8,89.7,112.6,70.2,415.5,561.0,454.0,755.1,2725.4,25.4,3159.2,486.9,68.0,270.1,765.2,1701.2,14.2,1038.5,179.2,311.0,967.8,1840.9,322.2,402.3,1063.1,1006.3,479.5,311.6,287.2,259.2,4702.6,58.3,994.9,2
54,127.4,1138.7,166.5,165.9,446.3,238.7,130.5,42.0,498.0,628.0,234.7,11133.9,1239.1,1670.0,485.7,34.7,96.8,233.5,472.7,2062.2,802.2,157.8,272.1,226.4,6247.8,1263.0,138.9,1341.8,312.3,13.2,689.6,80.2,309.9,1012.2,11803.7,21.7,153.5,628.6,156.5,135.7,38.5,1283.2,61.6,267.5,116.6,153.9,344.4,433.5,232.1,957.5,269.1,1752.5,21.9,2157.6,1167.5,215.2,230.5,112.3,784.2,25713.7,383.4,1167.7,38.0,633.9,1436.3,382.8,653.1,9.3,53.4,113.3,111.7,65.5,546.7,489.8,672.2,779.5,49.4,3483.4,397.6,154.0,289.4,1657.6,1902.9,18.3,1041.1,189.4,212.4,1412.5,1447.0,133.1,515.2,1341.8,804.6,364.3,156.7,217.6,148.3,10041.9,32.8,781.3,2
55,146.8,1367.5,24.3,141.8,707.2,406.0,109.1,71.1,608.4,681.0,98.6,11140.9,1594.7,1386.8,559.0,155.2,169.4,643.2,316.0,1502.6,976.1,212.8,314.6,222.2,4325.6,532.1,172.8,1331.0,570.4,16.5,794.5,56.2,254.5,1076.3,10461.1,18.1,228.1,1323.7,204.1,112.5,84.8,1205.0,93.3,186.3,260.5,106.4,75.6,626.6,160.5,1147.4,191.4,1781.1,27.7,2032.6,1246.0,271.6,288.7,260.6,3011.3,21390.5,311.1,903.7,82.1,619.0,2032.7,404.6,587.8,12.9,42.3,38.2,111.8,201.8,447.9,477.0,727.9,655.1,45.1,5327.4,368.2,89.2,274.4,1207.1,1676.9,71.6,1619.4,163.9,387.3,1381.9,1870.6,135.2,534.0,1163.3,661.5,309.6,150.6,224.2,139.4,16202.6,161.9,1143.2,2
56,84.3,1414.8,94.7,238.7,579.5,190.0,180.9,161.3,525.8,497.5,218.8,11002.3,1084.5,1658.1,459.3,28.7,85.6,516.0,602.7,2317.8,404.5,172.7,277.8,333.8,6244.9,1319.2,154.2,1618.0,62.8,13.4,710.5,44.4,255.7,748.5,16075.5,52.3,292.3,941.8,176.4,172.8,21.1,1451.4,101.1,289.7,142.9,178.1,564.5,501.6,147.5,823.1,81.8,1827.4,101.8,2335.9,1036.0,185.2,234.1,148.1,701.2,32559.8,538.8,1076.1,103.1,491.3,1742.6,369.2,752.8,13.6,42.4,193.0,89.2,65.2,429.3,532.3,511.7,933.5,33.5,3573.0,350.7,17.7,337.7,1561.0,1823.2,33.9,1081.9,206.7,197.4,1421.5,1837.9,131.0,419.2,1488.6,945.4,282.9,79.4,71.2,82.7,12146.6,151.7,711.9,2
57,150.8,1650.8,14.0,222.0,433.3,344.4,194.8,81.6,543.7,824.1,65.6,13303.9,1366.5,1305.1,578.3,119.8,37.3,367.5,629.8,2072.0,792.1,331.6,334.5,246.3,4265.3,733.5,171.8,1751.5,518.8,25.2,776.8,112.3,253.8,909.3,13443.1,44.7,278.3,1116.5,142.1,268.6,30.4,1348.1,202.6,175.3,138.0,247.2,610.6,580.1,40.6,1586.5,294.6,1483.9,78.0,2314.0,1393.6,137.4,141.8,144.3,1550.4,27651.6,540.2,769.8,24.6,664.4,2141.5,443.0,656.0,27.3,64.4,72.5,180.6,147.2,601.8,454.1,697.7,673.7,40.8,3890.8,279.0,33.1,357.7,898.6,1341.7,15.7,1454.4,114.6,355.2,1225.0,2523.8,155.8,614.4,961.6,1047.9,543.9,285.4,407.4,162.2,14018.9,172.9,1159.7,2
58,78.6,1279.6,19.6,125.5,774.8,385.4,184.0,217.1,541.1,661.7,267.1,11703.4,495.3,2132.3,406.2,37.2,32.5,351.7,636.8,2066.5,842.2,247.2,355.9,199.4,4670.1,1172.3,163.3,2036.3,271.7,17.3,692.8,72.0,333.3,1072.8,13954.8,38.1,213.2,714.6,258.2,172.4,69.8,1545.2,127.9,371.1,46.5,261.5,240.0,638.6,48.4,805.9,116.8,2102.4,17.9,2112.4,1508.0,185.6,314.5,59.2,243.4,19228.7,400.9,682.9,74.6,619.7,2153.0,422.6,935.5,9.8,57.0,142.6,148.7,72.9,392.9,320.9,771.3,473.2,24.8,5438.8,412.2,89.8,377.5,1540.1,1257.2,13.1,907.6,250.1,512.1,1706.6,2531.4,114.6,456.5,1513.5,670.8,358.3,79.5,195.8,46.1,8807.4,39.0,1166.6,2
59,265.3,1943.2,107.1,205.4,486.7,262.8,131.6,159.8,560.2,680.1,309.8,14276.1,605.3,1521.5,493.7,64.7,119.8,673.2,756.0,2242.7,663.8,195.1,506.6,275.5,3728.4,568.3,226.8,1691.2,147.1,31.9,1126.6,60.0,350.1,1134.9,10996.8,41.1,248.6,704.0,213.3,132.1,35.4,1672.0,274.3,512.2,45.6,180.8,454.1,645.7,68.0,1763.3,135.2,1599.9,46.6,2481.6,2344.2,271.3,40.7,38.5,514.2,28533.3,506.0,799.2,106.4,801.0,2773.4,570.0,645.1,9.3,90.7,95.7,350.7,205.5,510.2,291.7,466.0,792.4,51.3,3840.5,402.3,76.8,401.5,1348.8,1380.9,18.0,1812.2,130.7,313.9,1200.4,2634.2,126.1,676.1,1069.1,769.4,480.3,276.3,476.9,141.7,10712.4,223.3,1373.2,2
60,28.0,1523.5,52.4,162.1,896.1,185.7,159.1,105.2,685.6,433.1,180.1,13987.4,362.2,2088.5,428.3,59.3,206.6,618.3,715.8,2137.9,288.5,123.3,309.3,162.2,3246.6,1523.3,197.0,2049.5,150.1,29.1,744.0,99.8,356.5,963.1,13223.7,45.4,313.2,832.5,196.5,108.8,34.8,1570.2,70.9,241.6,174.8,122.1,256.9,671.4,117.0,1730.0,182.5,1699.7,30.6,2379.9,1219.0,258.7,155.2,186.2,145.8,23331.5,497.9,804.6,52.9,734.1,1889.2,507.6,707.7,15.0,79.4,67.3,47.3,31.9,644.4,401.7,688.7,472.6,35.0,5064.8,479.1,40.8,324.3,1314.5,1364.5,15.2,1140.1,216.5,213.6,1339.5,2249.4,132.8,430.4,1192.5,795.3,494.9,157.4,419.1,100.5,11320.4,54.5,1371.6,2
61,91.4,1355.0,57.9,167.2,510.3,315.6,210.3,123.5,477.3,722.0,283.9,12869.0,558.3,1354.0,530.8,41.2,13.8,535.9,578.2,2324.9,426.5,142.9,197.8,185.5,4845.2,1114.6,182.4,1900.1,132.3,16.0,800.1,121.0,538.5,1046.8,14440.1,20.6,159.5,712.0,39.6,259.5,17.1,1471.4,195.7,319.5,172.6,213.7,476.9,605.3,45.1,1408.1,110.8,1264.3,22.9,2149.6,1319.8,91.5,175.1,59.1,354.9,28467.8,247.6,768.0,69.9,634.6,1594.7,418.0,876.6,16.7,45.6,136.5,190.3,33.0,560.5,466.5,365.0,556.0,35.8,3891.4,319.5,80.8,294.7,1862.8,1814.6,12.5,1087.1,129.2,320.2,1408.0,1966.6,152.8,402.5,1077.1,622.8,445.4,143.6,391.9,112.3,16564.5,172.9,1001.2,2
62,58.5,1561.0,2420.2,433.4,502.6,381.5,37.7,97.0,729.3,666.5,134.3,12835.8,1080.1,1508.8,354.5,25.8,131.1,385.1,365.9,2117.8,616.7,203.6,304.6,428.0,3394.5,1560.1,99.9,1285.8,259.7,115.7,786.0,54.7,248.6,658.1,14161.2,16.6,120.8,732.5,283.1,141.2,26.8,1206.8,109.1,145.3,33.2,178.7,207.0,652.6,54.5,824.7,264.4,1695.9,141.3,1918.3,902.2,192.9,498.3,127.8,815.8,27753.9,320.2,1043.5,16.6,725.0,2747.5,235.9,807.0,12.8,101.7,87.3,86.9,183.1,415.6,333.0,500.3,697.5,32.2,3675.3,311.3,19.4,221.5,1270.6,1798.6,12.6,855.7,242.2,223.0,1398.0,1574.6,278.1,374.6,1352.1,624.3,522.4,226.6,120.7,113.4,10029.6,34.7,1007.4,2
63,124.3,1325.9,112.7,166.4,526.6,251.3,124.3,117.5,618.4,609.5,197.7,12940.4,716.1,1516.0,483.1,79.8,83.4,447.7,566.2,1939.2,878.7,161.1,215.3,307.2,7022.3,611.7,263.5,1656.9,346.3,57.3,754.7,69.4,320.6,831.6,13191.9,79.8,152.7,879.2,171.1,163.2,23.7,1502.9,188.1,200.3,103.1,128.7,384.1,657.3,196.9,1361.0,317.1,1694.7,22.6,1807.1,1181.1,190.7,63.0,123.3,436.5,32422.3,403.1,753.5,10.8,571.4,2063.3,370.4,916.3,6.8,26.3,108.9,89.2,28.6,474.3,438.7,522.8,712.5,27.4,4190.4,287.1,6.0,163.7,1021.6,1881.2,8.9,991.1,145.8,235.0,1483.5,1922.2,130.7,333.0,1446.9,1054.7,291.3,181.8,407.7,143.6,14681.9,91.9,1046.9,2
